Id,Id2,Geography,Number; Total population,Percent; Total population,Number; Total population - SEX AND AGE - Male,Percent; Total population - SEX AND AGE - Male,Number; Total population - SEX AND AGE - Female,Percent; Total population - SEX AND AGE - Female,Number; Total population - SEX AND AGE - Under 5 years,Percent; Total population - SEX AND AGE - Under 5 years,Number; Total population - SEX AND AGE - 5 to 9 years,Percent; Total population - SEX AND AGE - 5 to 9 years,Number; Total population - SEX AND AGE - 10 to 14 years,Percent; Total population - SEX AND AGE - 10 to 14 years,Number; Total population - SEX AND AGE - 15 to 19 years,Percent; Total population - SEX AND AGE - 15 to 19 years,Number; Total population - SEX AND AGE - 20 to 24 years,Percent; Total population - SEX AND AGE - 20 to 24 years,Number; Total population - SEX AND AGE - 25 to 34 years,Percent; Total population - SEX AND AGE - 25 to 34 years,Number; Total population - SEX AND AGE - 35 to 44 years,Percent; Total population - SEX AND AGE - 35 to 44 years,Number; Total population - SEX AND AGE - 45 to 54 years,Percent; Total population - SEX AND AGE - 45 to 54 years,Number; Total population - SEX AND AGE - 55 to 59 years,Percent; Total population - SEX AND AGE - 55 to 59 years,Number; Total population - SEX AND AGE - 60 to 64 years,Percent; Total population - SEX AND AGE - 60 to 64 years,Number; Total population - SEX AND AGE - 65 to 74 years,Percent; Total population - SEX AND AGE - 65 to 74 years,Number; Total population - SEX AND AGE - 75 to 84 years,Percent; Total population - SEX AND AGE - 75 to 84 years,Number; Total population - SEX AND AGE - 85 years and over,Percent; Total population - SEX AND AGE - 85 years and over,Number; Total population - SEX AND AGE - Median age (years),Percent; Total population - SEX AND AGE - Median age (years),Number; Total population - SEX AND AGE - 18 years and over,Percent; Total population - SEX AND AGE - 18 years and over,Number; Total population - SEX AND AGE - 18 years and over - Male,Percent; Total population - SEX AND AGE - 18 years and over - Male,Number; Total population - SEX AND AGE - 18 years and over - Female,Percent; Total population - SEX AND AGE - 18 years and over - Female,Number; Total population - SEX AND AGE - 21 years and over,Percent; Total population - SEX AND AGE - 21 years and over,Number; Total population - SEX AND AGE - 62 years and over,Percent; Total population - SEX AND AGE - 62 years and over,Number; Total population - SEX AND AGE - 65 years and over,Percent; Total population - SEX AND AGE - 65 years and over,Number; Total population - SEX AND AGE - 65 years and over - Male,Percent; Total population - SEX AND AGE - 65 years and over - Male,Number; Total population - SEX AND AGE - 65 years and over - Female,Percent; Total population - SEX AND AGE - 65 years and over - Female,Number; Total population - RACE - One race,Percent; Total population - RACE - One race,Number; Total population - RACE - One race - White,Percent; Total population - RACE - One race - White,Number; Total population - RACE - One race - Black or African American,Percent; Total population - RACE - One race - Black or African American,Number; Total population - RACE - One race - American Indian and Alaska Native,Percent; Total population - RACE - One race - American Indian and Alaska Native,Number; Total population - RACE - One race - Asian,Percent; Total population - RACE - One race - Asian,Number; Total population - RACE - One race - Asian - Asian Indian,Percent; Total population - RACE - One race - Asian - Asian Indian,Number; Total population - RACE - One race - Asian - Chinese,Percent; Total population - RACE - One race - Asian - Chinese,Number; Total population - RACE - One race - Asian - Filipino,Percent; Total population - RACE - One race - Asian - Filipino,Number; Total population - RACE - One race - Asian - Japanese,Percent; Total population - RACE - One race - Asian - Japanese,Number; Total population - RACE - One race - Asian - Korean,Percent; Total population - RACE - One race - Asian - Korean,Number; Total population - RACE - One race - Asian - Vietnamese,Percent; Total population - RACE - One race - Asian - Vietnamese,Number; Total population - RACE - One race - Asian - Other Asian [1],Percent; Total population - RACE - One race - Asian - Other Asian [1],Number; Total population - RACE - One race - Native Hawaiian and Other Pacific Islander,Percent; Total population - RACE - One race - Native Hawaiian and Other Pacific Islander,Number; Total population - RACE - One race - Native Hawaiian and Other Pacific Islander - Native Hawaiian,Percent; Total population - RACE - One race - Native Hawaiian and Other Pacific Islander - Native Hawaiian,Number; Total population - RACE - One race - Native Hawaiian and Other Pacific Islander - Guamanian or Chamorro,Percent; Total population - RACE - One race - Native Hawaiian and Other Pacific Islander - Guamanian or Chamorro,Number; Total population - RACE - One race - Native Hawaiian and Other Pacific Islander - Samoan,Percent; Total population - RACE - One race - Native Hawaiian and Other Pacific Islander - Samoan,Number; Total population - RACE - One race - Native Hawaiian and Other Pacific Islander - Other Pacific Islander [2],Percent; Total population - RACE - One race - Native Hawaiian and Other Pacific Islander - Other Pacific Islander [2],Number; Total population - RACE - One race - Some other race,Percent; Total population - RACE - One race - Some other race,Number; Total population - RACE - Two or more races,Percent; Total population - RACE - Two or more races,Number; Total population - RACE - Race alone or in combination with one or more other races [3] - White,Percent; Total population - RACE - Race alone or in combination with one or more other races [3] - White,Number; Total population - RACE - Race alone or in combination with one or more other races [3] - Black or African American,Percent; Total population - RACE - Race alone or in combination with one or more other races [3] - Black or African American,Number; Total population - RACE - Race alone or in combination with one or more other races [3] - American Indian and Alaska Native,Percent; Total population - RACE - Race alone or in combination with one or more other races [3] - American Indian and Alaska Native,Number; Total population - RACE - Race alone or in combination with one or more other races [3] - Asian,Percent; Total population - RACE - Race alone or in combination with one or more other races [3] - Asian,Number; Total population - RACE - Race alone or in combination with one or more other races [3] - Native Hawaiian and Other Pacific Islander,Percent; Total population - RACE - Race alone or in combination with one or more other races [3] - Native Hawaiian and Other Pacific Islander,Number; Total population - RACE - Race alone or in combination with one or more other races [3] - Some other race,Percent; Total population - RACE - Race alone or in combination with one or more other races [3] - Some other race,Number; HISPANIC OR LATINO AND RACE - Total population,Percent; HISPANIC OR LATINO AND RACE - Total population,Number; HISPANIC OR LATINO AND RACE - Total population - Hispanic or Latino (of any race),Percent; HISPANIC OR LATINO AND RACE - Total population - Hispanic or Latino (of any race),Number; HISPANIC OR LATINO AND RACE - Total population - Hispanic or Latino (of any race) - Mexican,Percent; HISPANIC OR LATINO AND RACE - Total population - Hispanic or Latino (of any race) - Mexican,Number; HISPANIC OR LATINO AND RACE - Total population - Hispanic or Latino (of any race) - Puerto Rican,Percent; HISPANIC OR LATINO AND RACE - Total population - Hispanic or Latino (of any race) - Puerto Rican,Number; HISPANIC OR LATINO AND RACE - Total population - Hispanic or Latino (of any race) - Cuban,Percent; HISPANIC OR LATINO AND RACE - Total population - Hispanic or Latino (of any race) - Cuban,Number; HISPANIC OR LATINO AND RACE - Total population - Hispanic or Latino (of any race) - Other Hispanic or Latino,Percent; HISPANIC OR LATINO AND RACE - Total population - Hispanic or Latino (of any race) - Other Hispanic or Latino,Number; HISPANIC OR LATINO AND RACE - Total population - Not Hispanic or Latino,Percent; HISPANIC OR LATINO AND RACE - Total population - Not Hispanic or Latino,Number; HISPANIC OR LATINO AND RACE - Total population - Not Hispanic or Latino - White alone,Percent; HISPANIC OR LATINO AND RACE - Total population - Not Hispanic or Latino - White alone,Number; RELATIONSHIP - Total population,Percent; RELATIONSHIP - Total population,Number; RELATIONSHIP - Total population - In households,Percent; RELATIONSHIP - Total population - In households,Number; RELATIONSHIP - Total population - In households - Householder,Percent; RELATIONSHIP - Total population - In households - Householder,Number; RELATIONSHIP - Total population - In households - Spouse,Percent; RELATIONSHIP - Total population - In households - Spouse,Number; RELATIONSHIP - Total population - In households - Child,Percent; RELATIONSHIP - Total population - In households - Child,Number; RELATIONSHIP - Total population - In households - Child - Own child under 18 years,Percent; RELATIONSHIP - Total population - In households - Child - Own child under 18 years,Number; RELATIONSHIP - Total population - In households - Other relatives,Percent; RELATIONSHIP - Total population - In households - Other relatives,Number; RELATIONSHIP - Total population - In households - Other relatives - Under 18 years,Percent; RELATIONSHIP - Total population - In households - Other relatives - Under 18 years,Number; RELATIONSHIP - Total population - In households - Nonrelatives,Percent; RELATIONSHIP - Total population - In households - Nonrelatives,Number; RELATIONSHIP - Total population - In households - Nonrelatives - Unmarried partner,Percent; RELATIONSHIP - Total population - In households - Nonrelatives - Unmarried partner,Number; RELATIONSHIP - Total population - In group quarters,Percent; RELATIONSHIP - Total population - In group quarters,Number; RELATIONSHIP - Total population - In group quarters - Institutionalized population,Percent; RELATIONSHIP - Total population - In group quarters - Institutionalized population,Number; RELATIONSHIP - Total population - In group quarters - Noninstitutionalized population,Percent; RELATIONSHIP - Total population - In group quarters - Noninstitutionalized population,Number; HOUSEHOLDS BY TYPE - Total households,Percent; HOUSEHOLDS BY TYPE - Total households,Number; HOUSEHOLDS BY TYPE - Total households - Family households (families),Percent; HOUSEHOLDS BY TYPE - Total households - Family households (families),Number; HOUSEHOLDS BY TYPE - Total households - Family households (families) - With own children under 18 years,Percent; HOUSEHOLDS BY TYPE - Total households - Family households (families) - With own children under 18 years,Number; HOUSEHOLDS BY TYPE - Total households - Family households (families) - Married-couple family,Percent; HOUSEHOLDS BY TYPE - Total households - Family households (families) - Married-couple family,Number; HOUSEHOLDS BY TYPE - Total households - Family households (families) - Married-couple family - With own children under 18 years,Percent; HOUSEHOLDS BY TYPE - Total households - Family households (families) - Married-couple family - With own children under 18 years,"Number; HOUSEHOLDS BY TYPE - Total households - Family households (families) - Female householder, no husband present","Percent; HOUSEHOLDS BY TYPE - Total households - Family households (families) - Female householder, no husband present","Number; HOUSEHOLDS BY TYPE - Total households - Family households (families) - Female householder, no husband present - With own children under 18 years","Percent; HOUSEHOLDS BY TYPE - Total households - Family households (families) - Female householder, no husband present - With own children under 18 years",Number; HOUSEHOLDS BY TYPE - Total households - Nonfamily households,Percent; HOUSEHOLDS BY TYPE - Total households - Nonfamily households,Number; HOUSEHOLDS BY TYPE - Total households - Nonfamily households - Householder living alone,Percent; HOUSEHOLDS BY TYPE - Total households - Nonfamily households - Householder living alone,Number; HOUSEHOLDS BY TYPE - Total households - Nonfamily households - Householder living alone - Householder 65 years and over,Percent; HOUSEHOLDS BY TYPE - Total households - Nonfamily households - Householder living alone - Householder 65 years and over,Number; HOUSEHOLDS BY TYPE - Total households - Households with individuals under 18 years,Percent; HOUSEHOLDS BY TYPE - Total households - Households with individuals under 18 years,Number; HOUSEHOLDS BY TYPE - Total households - Households with individuals 65 years and over,Percent; HOUSEHOLDS BY TYPE - Total households - Households with individuals 65 years and over,Number; HOUSEHOLDS BY TYPE - Total households - Average household size,Percent; HOUSEHOLDS BY TYPE - Total households - Average household size,Number; HOUSEHOLDS BY TYPE - Total households - Average family size,Percent; HOUSEHOLDS BY TYPE - Total households - Average family size,Number; HOUSING OCCUPANCY - Total housing units,Percent; HOUSING OCCUPANCY - Total housing units,Number; HOUSING OCCUPANCY - Total housing units - Occupied housing units,Percent; HOUSING OCCUPANCY - Total housing units - Occupied housing units,Number; HOUSING OCCUPANCY - Total housing units - Vacant housing units,Percent; HOUSING OCCUPANCY - Total housing units - Vacant housing units,"Number; HOUSING OCCUPANCY - Total housing units - Vacant housing units - For seasonal, recreational, or occasional use","Percent; HOUSING OCCUPANCY - Total housing units - Vacant housing units - For seasonal, recreational, or occasional use",Number; HOUSING OCCUPANCY - Total housing units - Homeowner vacancy rate (percent),Percent; HOUSING OCCUPANCY - Total housing units - Homeowner vacancy rate (percent),Number; HOUSING OCCUPANCY - Total housing units - Rental vacancy rate (percent),Percent; HOUSING OCCUPANCY - Total housing units - Rental vacancy rate (percent),Number; HOUSING TENURE - Occupied housing units,Percent; HOUSING TENURE - Occupied housing units,Number; HOUSING TENURE - Occupied housing units - Owner-occupied housing units,Percent; HOUSING TENURE - Occupied housing units - Owner-occupied housing units,Number; HOUSING TENURE - Occupied housing units - Renter-occupied housing units,Percent; HOUSING TENURE - Occupied housing units - Renter-occupied housing units,Number; HOUSING TENURE - Occupied housing units - Average household size of owner-occupied unit,Percent; HOUSING TENURE - Occupied housing units - Average household size of owner-occupied unit,Number; HOUSING TENURE - Occupied housing units - Average household size of renter-occupied unit,Percent; HOUSING TENURE - Occupied housing units - Average household size of renter-occupied unit
1600000US0446000,446000,"Mesa city, Arizona",396375,100,196378,49.5,199997,50.5,32592,8.2,30259,7.6,28842,7.3,28774,7.3,32488,8.2,61551,15.5,56124,14.2,43807,11.1,15913,4,13149,3.3,26546,6.7,20320,5.1,6010,1.5,32,(X),287998,72.7,140763,35.5,147235,37.1,269690,68,60612,15.3,52876,13.3,22468,5.7,30408,7.7,385324,97.2,323655,81.7,9977,2.5,6572,1.7,5917,1.5,686,0.2,1119,0.3,1337,0.3,531,0.1,553,0.1,955,0.2,736,0.2,932,0.2,176,0,61,0,144,0,551,0.1,38271,9.7,11051,2.8,333223,84.1,12186,3.1,9175,2.3,7977,2,1618,0.4,43985,11.1,396375,100,78281,19.7,63519,16,1513,0.4,398,0.1,12851,3.2,318094,80.3,290180,73.2,396375,100,392426,99,146643,37,77267,19.5,120467,30.4,97786,24.7,22067,5.6,7821,2,25982,6.6,8948,2.3,3949,1,2189,0.6,1760,0.4,146643,100,99856,68.1,48928,33.4,77267,52.7,35199,24,15548,10.6,9848,6.7,46787,31.9,35519,24.2,13318,9.1,53272,36.3,35707,24.3,2.68,(X),3.2,(X),175701,100,146643,83.5,29058,16.5,18103,10.3,2.4,(X),10.7,(X),146643,100,97308,66.4,49335,33.6,2.74,(X),2.54,(X)
1600000US0455000,455000,"Phoenix city, Arizona",1321045,100,671760,50.9,649285,49.1,114516,8.7,111367,8.4,99471,7.5,97425,7.4,103873,7.9,227481,17.2,211442,16,157615,11.9,52623,4,38437,2.9,58309,4.4,36879,2.8,11607,0.9,30.7,(X),938610,71.1,475454,36,463156,35.1,877536,66.4,128552,9.7,106795,8.1,44476,3.4,62319,4.7,1277769,96.7,938853,71.1,67416,5.1,26696,2,26449,2,4481,0.3,5761,0.4,4757,0.4,1728,0.1,1877,0.1,5301,0.4,2544,0.2,1766,0.1,498,0,358,0,375,0,535,0,216589,16.4,43276,3.3,975418,73.8,76065,5.8,35093,2.7,33194,2.5,3470,0.3,243358,18.4,1321045,100,449972,34.1,375096,28.4,5089,0.4,1952,0.1,67835,5.1,871073,65.9,736844,55.8,1321045,100,1298577,98.3,465834,35.3,218516,16.5,408328,30.9,329177,24.9,106103,8,40794,3.1,99796,7.6,34849,2.6,22468,1.7,12948,1,9520,0.7,465834,100,307243,66,166357,35.7,218516,46.9,113190,24.3,59949,12.9,37656,8.1,158591,34,118422,25.4,29249,6.3,185126,39.7,78292,16.8,2.79,(X),3.39,(X),495832,100,465834,93.9,29998,6.1,4545,0.9,1.4,(X),7.9,(X),465834,100,282670,60.7,183164,39.3,2.89,(X),2.63,(X)
1600000US0477000,477000,"Tucson city, Arizona",486699,100,238408,49,248291,51,35201,7.2,34189,7,31939,6.6,38170,7.8,47428,9.7,76394,15.7,72289,14.9,57608,11.8,19597,4,16056,3.3,29117,6,21394,4.4,7317,1.5,32.1,(X),367082,75.4,177159,36.4,189923,39,336306,69.1,67117,13.8,57828,11.9,23339,4.8,34489,7.1,468262,96.2,341424,70.2,21057,4.3,11038,2.3,11959,2.5,1336,0.3,2996,0.6,1742,0.4,1085,0.2,1097,0.2,1891,0.4,1812,0.4,796,0.2,239,0,210,0,128,0,219,0,81988,16.8,18437,3.8,356783,73.3,24954,5.1,15358,3.2,15390,3.2,1482,0.3,92381,19,486699,100,173868,35.7,145234,29.8,2097,0.4,640,0.1,25897,5.3,312831,64.3,263748,54.2,486699,100,467517,96.1,192891,39.6,76546,15.7,133162,27.4,103915,21.4,29043,6,12107,2.5,35875,7.4,13638,2.8,19182,3.9,7942,1.6,11240,2.3,192891,100,112515,58.3,55970,29,76546,39.7,34519,17.9,26678,13.8,16373,8.5,80376,41.7,62287,32.3,17963,9.3,62636,32.5,42170,21.9,2.42,(X),3.12,(X),209609,100,192891,92,16718,8,3472,1.7,1.6,(X),8.1,(X),192891,100,103056,53.4,89835,46.6,2.58,(X),2.24,(X)
1600000US0627000,627000,"Fresno city, California",427652,100,210107,49.1,217545,50.9,38996,9.1,41584,9.7,38324,9,37027,8.7,35309,8.3,63085,14.8,60172,14.1,46932,11,15060,3.5,11589,2.7,20061,4.7,14302,3.3,5211,1.2,28.5,(X),286861,67.1,138227,32.3,148634,34.8,264323,61.8,46184,10.8,39574,9.3,15906,3.7,23668,5.5,405591,94.8,214556,50.2,35763,8.4,6763,1.6,48028,11.2,4123,1,3436,0.8,3876,0.9,2693,0.6,935,0.2,1953,0.5,31012,7.3,583,0.1,140,0,93,0,179,0,171,0,99898,23.4,22061,5.2,230797,54,39362,9.2,11239,2.6,54051,12.6,1612,0.4,113750,26.6,427652,100,170520,39.9,144772,33.9,1105,0.3,288,0.1,24355,5.7,257132,60.1,159473,37.3,427652,100,419465,98.1,140079,32.8,64622,15.1,153168,35.8,123107,28.8,34302,8,13874,3.2,27294,6.4,10303,2.4,8187,1.9,4527,1.1,3660,0.9,140079,100,97923,69.9,56594,40.4,64622,46.1,35540,25.4,24652,17.6,16150,11.5,42156,30.1,32646,23.3,11055,7.9,62700,44.8,28660,20.5,2.99,(X),3.57,(X),149025,100,140079,94,8946,6,363,0.2,1.9,(X),6.4,(X),140079,100,70884,50.6,69195,49.4,2.94,(X),3.05,(X)
1600000US0643000,643000,"Long Beach city, California",461522,100,226718,49.1,234804,50.9,38587,8.4,41349,9,35641,7.7,33542,7.3,35678,7.7,79542,17.2,72342,15.7,53390,11.6,17212,3.7,12337,2.7,20400,4.4,15881,3.4,5621,1.2,30.8,(X),326883,70.8,157961,34.2,168922,36.6,305252,66.1,48803,10.6,41902,9.1,17025,3.7,24877,5.4,437212,94.7,208410,45.2,68618,14.9,3881,0.8,55591,12,1338,0.3,3550,0.8,18608,4,3147,0.7,1608,0.3,5074,1.1,22266,4.8,5605,1.2,306,0.1,578,0.1,3951,0.9,770,0.2,95107,20.6,24310,5.3,225899,48.9,73911,16,7824,1.7,63181,13.7,7863,1.7,108782,23.6,461522,100,165092,35.8,127129,27.5,2339,0.5,1067,0.2,34557,7.5,296430,64.2,152899,33.1,461522,100,451341,97.8,163088,35.3,64009,13.9,148930,32.3,117431,25.4,41153,8.9,14014,3,34161,7.4,12395,2.7,10181,2.2,3378,0.7,6803,1.5,163088,100,99663,61.1,57080,35,64009,39.2,35152,21.6,26319,16.1,17266,10.6,63425,38.9,48207,29.6,12129,7.4,63346,38.8,29901,18.3,2.77,(X),3.55,(X),171632,100,163088,95,8544,5,761,0.4,2.2,(X),4.2,(X),163088,100,66928,41,96160,59,2.81,(X),2.74,(X)
1600000US0644000,644000,"Los Angeles city, California",3694820,100,1841805,49.8,1853015,50.2,285976,7.7,297837,8.1,255604,6.9,251632,6.8,299906,8.1,674098,18.2,584036,15.8,428974,11.6,143965,3.9,115663,3.1,187111,5.1,125829,3.4,44189,1.2,31.6,(X),2713509,73.4,1339269,36.2,1374240,37.2,2545346,68.9,423568,11.5,357129,9.7,148051,4,209078,5.7,3503532,94.8,1734036,46.9,415195,11.2,29412,0.8,369254,10,24739,0.7,63075,1.7,101062,2.7,36992,1,91595,2.5,19747,0.5,32044,0.9,5915,0.2,1379,0,955,0,1641,0,1940,0.1,949720,25.7,191288,5.2,1891358,51.2,444635,12,53092,1.4,407444,11,13144,0.4,1086167,29.4,3694820,100,1719073,46.5,1091686,29.5,13427,0.4,12431,0.3,601529,16.3,1975747,53.5,1099188,29.7,3694820,100,3612223,97.8,1275412,34.5,534991,14.5,1117461,30.2,836381,22.6,390839,10.6,117208,3.2,293520,7.9,82690,2.2,82597,2.2,30446,0.8,52151,1.4,1275412,100,798719,62.6,427282,33.5,534991,41.9,288841,22.6,185486,14.5,104867,8.2,476693,37.4,363457,28.5,94067,7.4,478946,37.6,262689,20.6,2.83,(X),3.56,(X),1337706,100,1275412,95.3,62294,4.7,4876,0.4,1.8,(X),3.5,(X),1275412,100,491882,38.6,783530,61.4,2.99,(X),2.73,(X)
1600000US0653000,653000,"Oakland city, California",399484,100,192757,48.3,206727,51.7,28292,7.1,30134,7.5,26502,6.6,24664,6.2,28958,7.2,72315,18.1,63310,15.8,53865,13.5,17188,4.3,12468,3.1,20662,5.2,15145,3.8,5981,1.5,33.3,(X),299725,75,142159,35.6,157566,39.4,284538,71.2,48899,12.2,41788,10.5,16962,4.2,24826,6.2,379573,95,125013,31.3,142460,35.7,2655,0.7,60851,15.2,1753,0.4,31834,8,6407,1.6,2128,0.5,1780,0.4,8657,2.2,8292,2.1,2002,0.5,187,0,115,0,363,0.1,1337,0.3,46592,11.7,19911,5,138593,34.7,150139,37.6,6767,1.7,66400,16.6,3218,0.8,56271,14.1,399484,100,87467,21.9,65094,16.3,2325,0.6,581,0.1,19467,4.9,312017,78.1,93953,23.5,399484,100,392309,98.2,150790,37.7,51332,12.8,112301,28.1,81614,20.4,42081,10.5,14911,3.7,35805,9,11294,2.8,7175,1.8,2894,0.7,4281,1.1,150790,100,86347,57.3,43152,28.6,51332,34,24838,16.5,26707,17.7,14932,9.9,64443,42.7,48952,32.5,12930,8.6,50511,33.5,31587,20.9,2.6,(X),3.38,(X),157508,100,150790,95.7,6718,4.3,395,0.3,1,(X),2.7,(X),150790,100,62489,41.4,88301,58.6,2.76,(X),2.49,(X)
1600000US0664000,664000,"Sacramento city, California",407018,100,197784,48.6,209234,51.4,29066,7.1,32864,8.1,31465,7.7,29863,7.3,30195,7.4,63321,15.6,61483,15.1,52118,12.8,16783,4.1,13417,3.3,23052,5.7,17312,4.3,6079,1.5,32.8,(X),295728,72.7,140884,34.6,154844,38,277836,68.3,54268,13.3,46443,11.4,19112,4.7,27331,6.7,380940,93.6,196549,48.3,62968,15.5,5300,1.3,67635,16.6,4944,1.2,19425,4.8,8515,2.1,6642,1.6,815,0.2,6171,1.5,21123,5.2,3861,0.9,312,0.1,276,0.1,771,0.2,2502,0.6,44627,11,26078,6.4,214140,52.6,70218,17.3,11303,2.8,77008,18.9,6833,1.7,55857,13.7,407018,100,87974,21.6,70758,17.4,2053,0.5,474,0.1,14689,3.6,319044,78.4,164974,40.5,407018,100,398016,97.8,154581,38,59302,14.6,122814,30.2,95327,23.4,32145,7.9,12342,3,29174,7.2,11173,2.7,9002,2.2,4831,1.2,4171,1,154581,100,91137,59,46652,30.2,59302,38.4,28093,18.2,23790,15.4,14536,9.4,63444,41,49542,32,14192,9.2,52798,34.2,34169,22.1,2.57,(X),3.35,(X),163957,100,154581,94.3,9376,5.7,629,0.4,2,(X),5.4,(X),154581,100,77514,50.1,77067,49.9,2.65,(X),2.5,(X)
1600000US0666000,666000,"San Diego city, California",1223400,100,616884,50.4,606516,49.6,82523,6.7,87347,7.1,79520,6.5,85664,7,110614,9,217032,17.7,198474,16.2,148127,12.1,48016,3.9,38075,3.1,65922,5.4,47639,3.9,14447,1.2,32.5,(X),929492,76,465576,38.1,463916,37.9,865699,70.8,149880,12.3,128008,10.5,54147,4.4,73861,6,1164319,95.2,736207,60.2,96216,7.9,7543,0.6,166968,13.6,6909,0.6,22762,1.9,75197,6.1,9485,0.8,7139,0.6,27473,2.2,18003,1.5,5853,0.5,1016,0.1,2237,0.2,1701,0.1,899,0.1,151532,12.4,59081,4.8,781652,63.9,109470,8.9,16178,1.3,189413,15.5,10613,0.9,179609,14.7,1223400,100,310752,25.4,259219,21.2,5938,0.5,1922,0.2,43673,3.6,912648,74.6,603892,49.4,1223400,100,1177582,96.3,450691,36.8,201213,16.4,336909,27.5,257061,21,86890,7.1,29063,2.4,101879,8.3,27959,2.3,45818,3.7,6637,0.5,39181,3.2,450691,100,271398,60.2,136085,30.2,201213,44.6,98074,21.8,51248,11.4,29473,6.5,179293,39.8,126210,28,33406,7.4,150318,33.4,92545,20.5,2.61,(X),3.3,(X),469689,100,450691,96,18998,4,5093,1.1,0.8,(X),3.2,(X),450691,100,223280,49.5,227411,50.5,2.71,(X),2.52,(X)
1600000US0667000,667000,"San Francisco city, California",776733,100,394828,50.8,381905,49.2,31633,4.1,31564,4.1,30813,4,33334,4.3,56054,7.2,180418,23.2,133804,17.2,107718,13.9,35026,4.5,30258,3.9,53955,6.9,37929,4.9,14227,1.8,36.5,(X),663931,85.5,337037,43.4,326894,42.1,640952,82.5,123704,15.9,106111,13.7,44375,5.7,61736,7.9,743478,95.7,385728,49.7,60515,7.8,3458,0.4,239565,30.8,5524,0.7,152620,19.6,40083,5.2,11410,1.5,7679,1,10722,1.4,11527,1.5,3844,0.5,473,0.1,305,0,2311,0.3,755,0.1,50368,6.5,33255,4.3,411427,53,67076,8.6,8971,1.2,253477,32.6,6273,0.8,65757,8.5,776733,100,109504,14.1,48935,6.3,3758,0.5,1632,0.2,55179,7.1,667229,85.9,338909,43.6,776733,100,756976,97.5,329700,42.4,104310,13.4,147203,19,92905,12,70222,9,15839,2,105541,13.6,24563,3.2,19757,2.5,4200,0.5,15557,2,329700,100,145186,44,54707,16.6,104310,31.6,40269,12.2,29202,8.9,11284,3.4,184514,56,127376,38.6,32257,9.8,63867,19.4,78716,23.9,2.3,(X),3.22,(X),346527,100,329700,95.1,16827,4.9,3762,1.1,0.8,(X),2.5,(X),329700,100,115391,35,214309,65,2.73,(X),2.06,(X)
1600000US0668000,668000,"San Jose city, California",894943,100,454798,50.8,440145,49.2,68243,7.6,68484,7.7,62439,7,61487,6.9,64418,7.2,160945,18,155751,17.4,111383,12.4,38770,4.3,29163,3.3,41962,4.7,24085,2.7,7813,0.9,32.6,(X),658819,73.6,333405,37.3,325414,36.4,621844,69.5,90394,10.1,73860,8.3,31394,3.5,42466,4.7,849881,95,425017,47.5,31349,3.5,6865,0.8,240375,26.9,26606,3,51109,5.7,48149,5.4,11484,1.3,9425,1.1,78842,8.8,14760,1.6,3584,0.4,624,0.1,675,0.1,1417,0.2,868,0.1,142691,15.9,45062,5,460772,51.5,36928,4.1,13228,1.5,257571,28.8,7091,0.8,167353,18.7,894943,100,269989,30.2,221148,24.7,4072,0.5,1001,0.1,43768,4.9,624954,69.8,322534,36,894943,100,884079,98.8,276598,30.9,155000,17.3,274074,30.6,199859,22.3,104822,11.7,29110,3.3,73585,8.2,15059,1.7,10864,1.2,3846,0.4,7018,0.8,276598,100,203681,73.6,105935,38.3,155000,56,82694,29.9,32256,11.7,16654,6,72917,26.4,50938,18.4,13572,4.9,119063,43,52797,19.1,3.2,(X),3.62,(X),281841,100,276598,98.1,5243,1.9,818,0.3,0.4,(X),1.8,(X),276598,100,170950,61.8,105648,38.2,3.22,(X),3.16,(X)
1600000US0816000,816000,"Colorado Springs city, Colorado",360890,100,178469,49.5,182421,50.5,26920,7.5,26695,7.4,26489,7.3,25828,7.2,26686,7.4,55543,15.4,62744,17.4,48562,13.5,15310,4.2,11334,3.1,18505,5.1,12297,3.4,3977,1.1,33.6,(X),265267,73.5,129359,35.8,135908,37.7,249627,69.2,41353,11.5,34779,9.6,14076,3.9,20703,5.7,346981,96.1,291095,80.7,23677,6.6,3175,0.9,10179,2.8,1694,0.5,1164,0.3,1660,0.5,1021,0.3,2907,0.8,808,0.2,925,0.3,764,0.2,210,0.1,221,0.1,203,0.1,130,0,18091,5,13909,3.9,302662,83.9,28097,7.8,7000,1.9,13945,3.9,1559,0.4,22872,6.3,360890,100,43330,12,22991,6.4,2685,0.7,346,0.1,17308,4.8,317560,88,271734,75.3,360890,100,353737,98,141516,39.2,72840,20.2,105167,29.1,87930,24.4,13295,3.7,5374,1.5,20919,5.8,7264,2,7153,2,3665,1,3488,1,141516,100,93049,65.8,48137,34,72840,51.5,34930,24.7,14945,10.6,10098,7.1,48467,34.2,38193,27,9799,6.9,51613,36.5,24269,17.1,2.5,(X),3.06,(X),148690,100,141516,95.2,7174,4.8,725,0.5,1.2,(X),6.2,(X),141516,100,85981,60.8,55535,39.2,2.65,(X),2.27,(X)
1600000US0820000,820000,"Denver city, Colorado",554636,100,280207,50.5,274429,49.5,37769,6.8,34473,6.2,31315,5.6,32259,5.8,45534,8.2,113676,20.5,86420,15.6,71000,12.8,22573,4.1,17191,3.1,30643,5.5,23369,4.2,8414,1.5,33.1,(X),432870,78,217604,39.2,215266,38.8,410987,74.1,72300,13,62426,11.3,24695,4.5,37731,6.8,533842,96.3,362180,65.3,61649,11.1,7290,1.3,15611,2.8,2240,0.4,2279,0.4,890,0.2,1941,0.3,1416,0.3,4559,0.8,2286,0.4,648,0.1,178,0,108,0,144,0,218,0,86464,15.6,20794,3.7,378715,68.3,67375,12.1,12187,2.2,19015,3.4,1350,0.2,98235,17.7,554636,100,175704,31.7,120664,21.8,1632,0.3,669,0.1,52739,9.5,378932,68.3,287997,51.9,554636,100,541917,97.7,239235,43.1,83016,15,131799,23.8,103404,18.6,40288,7.3,14886,2.7,47579,8.6,15737,2.8,12719,2.3,6216,1.1,6503,1.2,239235,100,119300,49.9,55598,23.2,83016,34.7,35890,15,25923,10.8,15212,6.4,119935,50.1,94044,39.3,22604,9.4,62842,26.3,46180,19.3,2.27,(X),3.14,(X),251435,100,239235,95.1,12200,4.9,1443,0.6,1.7,(X),4.5,(X),239235,100,125539,52.5,113696,47.5,2.41,(X),2.1,(X)
1600000US1150000,1150000,"Washington city, District of Columbia",572059,100,269366,47.1,302693,52.9,32536,5.7,35385,6.2,30018,5.2,37867,6.6,51823,9.1,101762,17.8,87677,15.3,75310,13.2,27803,4.9,21980,3.8,35919,6.3,25004,4.4,8975,1.6,34.6,(X),457067,79.9,211446,37,245621,42.9,425229,74.3,82342,14.4,69898,12.2,26543,4.6,43355,7.6,558613,97.6,176101,30.8,343312,60,1713,0.3,15189,2.7,2845,0.5,3734,0.7,2228,0.4,1117,0.2,1095,0.2,1903,0.3,2267,0.4,348,0.1,138,0,62,0,51,0,97,0,21950,3.8,13446,2.4,184309,32.2,350455,61.3,4775,0.8,17956,3.1,785,0.1,28627,5,572059,100,44953,7.9,5098,0.9,2328,0.4,1101,0.2,36426,6.4,527106,92.1,159178,27.8,572059,100,536497,93.8,248338,43.4,56631,9.9,129116,22.6,88899,15.5,50187,8.8,22097,3.9,52225,9.1,14886,2.6,35562,6.2,7964,1.4,27598,4.8,248338,100,114166,46,49104,19.8,56631,22.8,20741,8.4,47032,18.9,24561,9.9,134172,54,108744,43.8,24903,10,60987,24.6,53369,21.5,2.16,(X),3.07,(X),274845,100,248338,90.4,26507,9.6,2207,0.8,2.9,(X),5.9,(X),248338,100,101214,40.8,147124,59.2,2.31,(X),2.06,(X)
1600000US1235000,1235000,"Jacksonville city, Florida",735617,100,356284,48.4,379333,51.6,53938,7.3,55679,7.6,55311,7.5,51816,7,50844,6.9,114352,15.5,123558,16.8,96664,13.1,32580,4.4,24960,3.4,40738,5.5,26678,3.6,8499,1.2,33.8,(X),539278,73.3,256285,34.8,282993,38.5,508326,69.1,90175,12.3,75915,10.3,30067,4.1,45848,6.2,720986,98,474307,64.5,213514,29,2474,0.3,20427,2.8,2758,0.4,1442,0.2,9958,1.4,486,0.1,1085,0.1,2324,0.3,2374,0.3,448,0.1,111,0,145,0,57,0,135,0,9816,1.3,14631,2,485785,66,218451,29.7,5673,0.8,24871,3.4,1265,0.2,15340,2.1,735617,100,30594,4.2,6076,0.8,11066,1.5,3229,0.4,10223,1.4,705023,95.8,457478,62.2,735617,100,720300,97.9,284499,38.7,132756,18,219352,29.8,172528,23.5,42239,5.7,19020,2.6,41454,5.6,17151,2.3,15317,2.1,6579,0.9,8738,1.2,284499,100,190533,67,96400,33.9,132756,46.7,61783,21.7,45477,16,28155,9.9,93966,33,74480,26.2,22031,7.7,107801,37.9,55814,19.6,2.53,(X),3.07,(X),308826,100,284499,92.1,24327,7.9,917,0.3,1.8,(X),9,(X),284499,100,179729,63.2,104770,36.8,2.64,(X),2.34,(X)
1600000US1245000,1245000,"Miami city, Florida",362470,100,180194,49.7,182276,50.3,21222,5.9,21962,6.1,22182,6.1,22339,6.2,23023,6.4,54264,15,55682,15.4,44287,12.2,17983,5,17758,4.9,32233,8.9,21140,5.8,8395,2.3,37.7,(X),283673,78.3,139877,38.6,143796,39.7,270130,74.5,72182,19.9,61768,17,25506,7,36262,10,345288,95.3,241470,66.6,80858,22.3,810,0.2,2376,0.7,629,0.2,844,0.2,382,0.1,124,0,83,0,90,0,224,0.1,130,0,19,0,34,0,15,0,62,0,19644,5.4,17182,4.7,251993,69.5,87857,24.2,1887,0.5,3167,0.9,674,0.2,34487,9.5,362470,100,238351,65.8,3669,1,10257,2.8,123763,34.1,100662,27.8,124119,34.2,42897,11.8,362470,100,350859,96.8,134198,37,49139,13.6,95508,26.3,63394,17.5,42960,11.9,13023,3.6,29054,8,8623,2.4,11611,3.2,8333,2.3,3278,0.9,134198,100,83281,62.1,35277,26.3,49139,36.6,19741,14.7,25029,18.7,12357,9.2,50917,37.9,40834,30.4,16723,12.5,42360,31.6,44729,33.3,2.61,(X),3.25,(X),148388,100,134198,90.4,14190,9.6,2901,2,2.9,(X),6.6,(X),134198,100,46836,34.9,87362,65.1,2.79,(X),2.52,(X)
1600000US1304000,1304000,"Atlanta city, Georgia",416474,100,206725,49.6,209749,50.4,26666,6.4,27386,6.6,25023,6,30048,7.2,39157,9.4,82083,19.7,64632,15.5,50178,12,17164,4.1,13602,3.3,20855,5,13649,3.3,6031,1.4,31.9,(X),323470,77.7,159737,38.4,163733,39.3,299224,71.8,48214,11.6,40535,9.7,14652,3.5,25883,6.2,411297,98.8,138352,33.2,255689,61.4,765,0.2,8046,1.9,2361,0.6,1638,0.4,354,0.1,408,0.1,748,0.2,1783,0.4,754,0.2,173,0,62,0,34,0,27,0,50,0,8272,2,5177,1.2,141429,34,258610,62.1,2221,0.5,9137,2.2,462,0.1,10387,2.5,416474,100,18720,4.5,12715,3.1,1147,0.3,887,0.2,3971,1,397754,95.5,130222,31.3,416474,100,387527,93,168147,40.4,41199,9.9,101694,24.4,72871,17.5,36975,8.9,16716,4,39512,9.5,11402,2.7,28947,7,8938,2.1,20009,4.8,168147,100,83182,49.5,37734,22.4,41199,24.5,15465,9.2,34761,20.7,19780,11.8,84965,50.5,64659,38.5,13876,8.3,46066,27.4,30844,18.3,2.3,(X),3.16,(X),186925,100,168147,90,18778,10,1086,0.6,4.1,(X),7.2,(X),168147,100,73473,43.7,94674,56.3,2.37,(X),2.25,(X)
1600000US1714000,1714000,"Chicago city, Illinois",2896016,100,1405107,48.5,1490909,51.5,218522,7.5,224012,7.7,200802,6.9,200962,6.9,239252,8.3,533199,18.4,433268,15,330507,11.4,116932,4,99757,3.4,159915,5.5,103720,3.6,35168,1.2,31.5,(X),2136176,73.8,1018583,35.2,1117593,38.6,2006360,69.3,356641,12.3,298803,10.3,116655,4,182148,6.3,2811579,97.1,1215315,42,1065009,36.8,10290,0.4,125974,4.3,25004,0.9,31813,1.1,28423,1,5467,0.2,11895,0.4,8221,0.3,15151,0.5,1788,0.1,336,0,480,0,436,0,536,0,393203,13.6,84437,2.9,1282320,44.3,1084221,37.4,20898,0.7,140517,4.9,4615,0.2,452255,15.6,2896016,100,753644,26,530462,18.3,113055,3.9,8084,0.3,102043,3.5,2142372,74,907166,31.3,2896016,100,2836469,97.9,1061928,36.7,372970,12.9,878481,30.3,605046,20.9,331356,11.4,133390,4.6,191734,6.6,62644,2.2,59547,2.1,27323,0.9,32224,1.1,1061928,100,632558,59.6,306456,28.9,372970,35.1,179408,16.9,200963,18.9,105705,10,429370,40.4,345832,32.6,92345,8.7,364392,34.3,228458,21.5,2.67,(X),3.5,(X),1152868,100,1061928,92.1,90940,7.9,4549,0.4,1.7,(X),5.7,(X),1061928,100,464865,43.8,597063,56.2,2.9,(X),2.49,(X)
1600000US1836003,1836003,"Indianapolis city (balance), Indiana",781870,100,378310,48.4,403560,51.6,57523,7.4,57020,7.3,54675,7,52446,6.7,58365,7.5,129409,16.6,127782,16.3,99336,12.7,32613,4.2,26843,3.4,45358,5.8,30168,3.9,10332,1.3,33.5,(X),581253,74.3,275703,35.3,305550,39.1,549131,70.2,101261,13,85858,11,33495,4.3,52363,6.7,769013,98.4,540212,69.1,199412,25.5,1985,0.3,11161,1.4,3325,0.4,2182,0.3,1452,0.2,637,0.1,1107,0.1,1101,0.1,1357,0.2,322,0,98,0,88,0,45,0,91,0,15921,2,12857,1.6,550768,70.4,206148,26.4,5277,0.7,13667,1.7,807,0.1,19225,2.5,781870,100,30636,3.9,21053,2.7,1904,0.2,457,0.1,7222,0.9,751234,96.1,527675,67.5,781870,100,763962,97.7,320107,40.9,129907,16.6,220921,28.3,175671,22.5,41457,5.3,18423,2.4,51570,6.6,22120,2.8,17908,2.3,11375,1.5,6533,0.8,320107,100,192754,60.2,95534,29.8,129907,40.6,57496,18,48219,15.1,30184,9.4,127353,39.8,102493,32,27276,8.5,106651,33.3,62116,19.4,2.39,(X),3.04,(X),352429,100,320107,90.8,32322,9.2,1196,0.3,2,(X),10.9,(X),320107,100,187590,58.6,132517,41.4,2.53,(X),2.18,(X)
1600000US2079000,2079000,"Wichita city, Kansas",344284,100,169604,49.3,174680,50.7,27524,8,26725,7.8,24688,7.2,23767,6.9,25565,7.4,51619,15,53980,15.7,44035,12.8,14377,4.2,11113,3.2,20616,6,15297,4.4,4978,1.4,33.4,(X),250907,72.9,121957,35.4,128950,37.5,236600,68.7,47401,13.8,40891,11.9,16337,4.7,24554,7.1,333622,96.9,258900,75.2,39325,11.4,3986,1.2,13647,4,1418,0.4,1367,0.4,672,0.2,263,0.1,552,0.2,6859,2,2516,0.7,198,0.1,59,0,72,0,29,0,38,0,17566,5.1,10662,3.1,267771,77.8,42797,12.4,7813,2.3,15599,4.5,547,0.2,21131,6.1,344284,100,33112,9.6,26954,7.8,821,0.2,253,0.1,5084,1.5,311172,90.4,246924,71.7,344284,100,339407,98.6,139087,40.4,65817,19.1,103153,30,84789,24.6,15448,4.5,6580,1.9,15902,4.6,6360,1.8,4877,1.4,3196,0.9,1681,0.5,139087,100,87818,63.1,44592,32.1,65817,47.3,30844,22.2,16166,11.6,10444,7.5,51269,36.9,43408,31.2,12950,9.3,48357,34.8,29261,21,2.44,(X),3.1,(X),152119,100,139087,91.4,13032,8.6,419,0.3,2,(X),12,(X),139087,100,85711,61.6,53376,38.4,2.61,(X),2.17,(X)
1600000US2148000,2148000,"Louisville city, Kentucky",256231,100,121153,47.3,135078,52.7,16926,6.6,17359,6.8,16627,6.5,17362,6.8,18923,7.4,37541,14.7,40354,15.7,33755,13.2,10716,4.2,9211,3.6,18577,7.3,13805,5.4,5075,2,35.8,(X),195622,76.3,90013,35.1,105609,41.2,184009,71.8,42928,16.8,37457,14.6,13591,5.3,23866,9.3,251950,98.3,161261,62.9,84586,33,578,0.2,3705,1.4,484,0.2,454,0.2,270,0.1,130,0.1,372,0.1,1699,0.7,296,0.1,111,0,43,0,17,0,16,0,35,0,1709,0.7,4281,1.7,164602,64.2,86831,33.9,1799,0.7,4435,1.7,292,0.1,2947,1.2,256231,100,4755,1.9,1557,0.6,442,0.2,1461,0.6,1295,0.5,251476,98.1,158651,61.9,256231,100,247704,96.7,111414,43.5,35171,13.7,70139,27.4,51549,20.1,15456,6,7091,2.8,15524,6.1,6533,2.5,8527,3.3,3664,1.4,4863,1.9,111414,100,61374,55.1,28645,25.7,35171,31.6,13684,12.3,21380,19.2,12780,11.5,50040,44.9,42180,37.9,13800,12.4,32813,29.5,27919,25.1,2.22,(X),2.97,(X),121275,100,111414,91.9,9861,8.1,392,0.3,1.8,(X),7.5,(X),111414,100,58546,52.5,52868,47.5,2.33,(X),2.1,(X)
1600000US2404000,2404000,"Baltimore city, Maryland",651154,100,303687,46.6,347467,53.4,41694,6.4,46968,7.2,46835,7.2,47710,7.3,49287,7.6,93248,14.3,101544,15.6,83408,12.8,29499,4.5,25040,3.8,44716,6.9,31249,4.8,9956,1.5,35,(X),489801,75.2,222069,34.1,267732,41.1,456946,70.2,100424,15.4,85921,13.2,32497,5,53424,8.2,641600,98.5,205982,31.6,418951,64.3,2097,0.3,9985,1.5,2036,0.3,2404,0.4,1349,0.2,298,0,1826,0.3,709,0.1,1363,0.2,222,0,51,0,42,0,44,0,85,0,4363,0.7,9554,1.5,212064,32.6,424449,65.2,5066,0.8,11850,1.8,691,0.1,7727,1.2,651154,100,11061,1.7,2999,0.5,2207,0.3,508,0.1,5347,0.8,640093,98.3,201566,31,651154,100,625401,96,257996,39.6,68771,10.6,177617,27.3,119882,18.4,71500,11,35742,5.5,49517,7.6,18266,2.8,25753,4,12634,1.9,13119,2,257996,100,147154,57,65769,25.5,68771,26.7,25717,10,64448,25,34329,13.3,110842,43,90124,34.9,29145,11.3,84428,32.7,65688,25.5,2.42,(X),3.16,(X),300477,100,257996,85.9,42481,14.1,1432,0.5,3.6,(X),7.6,(X),257996,100,129869,50.3,128127,49.7,2.57,(X),2.27,(X)
1600000US2507000,2507000,"Boston city, Massachusetts",589141,100,283588,48.1,305553,51.9,32046,5.4,33721,5.7,32553,5.5,43631,7.4,70084,11.9,124762,21.2,86420,14.7,63554,10.8,22746,3.9,18288,3.1,31154,5.3,21675,3.7,8507,1.4,31.1,(X),472582,80.2,224078,38,248504,42.2,432815,73.5,71847,12.2,61336,10.4,23435,4,37901,6.4,563263,95.6,320944,54.5,149202,25.3,2365,0.4,44284,7.5,4442,0.8,19638,3.3,1405,0.2,2384,0.4,2564,0.4,10818,1.8,3033,0.5,366,0.1,84,0,44,0,77,0,161,0,46102,7.8,25878,4.4,334684,56.8,163006,27.7,5384,0.9,47634,8.1,1565,0.3,64262,10.9,589141,100,85089,14.4,4126,0.7,27442,4.7,2221,0.4,51300,8.7,504052,85.6,291561,49.5,589141,100,554064,94,239528,40.7,65747,11.2,142362,24.2,100177,17,41110,7,13170,2.2,65317,11.1,14719,2.5,35077,6,8481,1.4,26596,4.5,239528,100,115096,48.1,54310,22.7,65747,27.4,28219,11.8,39366,16.4,22793,9.5,124432,51.9,88944,37.1,21796,9.1,61428,25.6,45350,18.9,2.31,(X),3.17,(X),251935,100,239528,95.1,12407,4.9,1568,0.6,1,(X),3,(X),239528,100,77226,32.2,162302,67.8,2.51,(X),2.22,(X)
1600000US2622000,2622000,"Detroit city, Michigan",951270,100,448319,47.1,502951,52.9,76232,8,93882,9.9,83361,8.8,68707,7.2,65654,6.9,144323,15.2,136695,14.4,115971,12.2,38045,4,29344,3.1,52863,5.6,35213,3.7,10980,1.2,30.9,(X),655561,68.9,298276,31.4,357285,37.6,615549,64.7,115934,12.2,99056,10.4,38990,4.1,60066,6.3,929229,97.7,116599,12.3,775772,81.6,3140,0.3,9268,1,2827,0.3,912,0.1,951,0.1,188,0,217,0,393,0,3780,0.4,251,0,46,0,45,0,64,0,96,0,24199,2.5,22041,2.3,131691,13.8,787687,82.8,8907,0.9,12361,1.3,827,0.1,34049,3.6,951270,100,47167,5,33143,3.5,6615,0.7,871,0.1,6538,0.7,904103,95,99921,10.5,951270,100,931569,97.9,336428,35.4,89660,9.4,329498,34.6,229865,24.2,115035,12.1,56084,5.9,60948,6.4,23610,2.5,19701,2.1,10509,1.1,9192,1,336428,100,218483,64.9,113961,33.9,89660,26.7,42085,12.5,106386,31.6,62533,18.6,117945,35.1,99861,29.7,30824,9.2,139663,41.5,76862,22.8,2.77,(X),3.45,(X),375096,100,336428,89.7,38668,10.3,632,0.2,1.6,(X),8.3,(X),336428,100,184647,54.9,151781,45.1,2.84,(X),2.68,(X)
1600000US2743000,2743000,"Minneapolis city, Minnesota",382618,100,192232,50.2,190386,49.8,25187,6.6,23960,6.3,22291,5.8,26866,7,40953,10.7,78978,20.6,60904,15.9,45961,12,13199,3.4,9441,2.5,15332,4,13172,3.4,6374,1.7,31.2,(X),298449,78,149274,39,149175,39,275980,72.1,40220,10.5,34878,9.1,13283,3.5,21595,5.6,365924,95.6,249186,65.1,68818,18,8378,2.2,23455,6.1,1816,0.5,2447,0.6,615,0.2,662,0.2,1637,0.4,2395,0.6,13883,3.6,289,0.1,49,0,41,0,111,0,88,0,15798,4.1,16694,4.4,260089,68,78291,20.5,12683,3.3,26601,7,949,0.2,22089,5.8,382618,100,29175,7.6,19835,5.2,1202,0.3,490,0.1,7648,2,353443,92.4,239080,62.5,382618,100,364554,95.3,162352,42.4,47049,12.3,89700,23.4,72768,19,22374,5.8,8045,2.1,43079,11.3,12585,3.3,18064,4.7,5701,1.5,12363,3.2,162352,100,73939,45.5,36698,22.6,47049,29,20843,12.8,19991,12.3,12828,7.9,88413,54.5,65508,40.3,13043,8,40579,25,24734,15.2,2.25,(X),3.15,(X),168606,100,162352,96.3,6254,3.7,780,0.5,0.7,(X),2.8,(X),162352,100,83408,51.4,78944,48.6,2.43,(X),2.05,(X)
1600000US2938000,2938000,"Kansas City city, Missouri",441545,100,213141,48.3,228404,51.7,31755,7.2,31829,7.2,30770,7,29053,6.6,31590,7.2,72393,16.4,71309,16.1,56492,12.8,19544,4.4,15118,3.4,27163,6.2,18263,4.1,6266,1.4,34,(X),329559,74.6,156030,35.3,173529,39.3,312128,70.7,60352,13.7,51692,11.7,20232,4.6,31460,7.1,430765,97.6,267931,60.7,137879,31.2,2122,0.5,8182,1.9,1035,0.2,1030,0.2,1006,0.2,295,0.1,569,0.1,3192,0.7,1055,0.2,493,0.1,75,0,53,0,172,0,193,0,14158,3.2,10780,2.4,276006,62.5,142621,32.3,5410,1.2,9996,2.3,922,0.2,18246,4.1,441545,100,30604,6.9,24042,5.4,740,0.2,787,0.2,5035,1.1,410941,93.1,254471,57.6,441545,100,432449,97.9,183981,41.7,69998,15.9,124691,28.2,96810,21.9,26475,6,11850,2.7,27304,6.2,11189,2.5,9096,2.1,4958,1.1,4138,0.9,183981,100,107402,58.4,51725,28.1,69998,38,29817,16.2,29425,16,18005,9.8,76579,41.6,62651,34.1,17209,9.4,58291,31.7,38130,20.7,2.35,(X),3.06,(X),202334,100,183981,90.9,18353,9.1,679,0.3,1.9,(X),9.6,(X),183981,100,106131,57.7,77850,42.3,2.52,(X),2.11,(X)
1600000US3137000,3137000,"Omaha city, Nebraska",390007,100,190032,48.7,199975,51.3,28249,7.2,27721,7.1,27420,7,28359,7.3,31178,8,60292,15.5,59917,15.4,50496,12.9,16839,4.3,13514,3.5,23832,6.1,16286,4.2,5904,1.5,33.5,(X),290060,74.4,139128,35.7,150932,38.7,272197,69.8,53861,13.8,46022,11.8,18140,4.7,27882,7.1,382529,98.1,305745,78.4,51917,13.3,2616,0.7,6773,1.7,1712,0.4,1155,0.3,672,0.2,610,0.2,748,0.2,1011,0.3,865,0.2,228,0.1,90,0,67,0,30,0,41,0,15250,3.9,7478,1.9,311843,80,55197,14.2,4728,1.2,8179,2.1,510,0.1,17628,4.5,390007,100,29397,7.5,23290,6,591,0.2,272,0.1,5244,1.3,360610,92.5,293876,75.4,390007,100,379426,97.3,156738,40.2,68611,17.6,113917,29.2,90310,23.2,16630,4.3,6560,1.7,23530,6,8443,2.2,10581,2.7,5760,1.5,4821,1.2,156738,100,94933,60.6,47054,30,68611,43.8,31326,20,20394,13,12786,8.2,61805,39.4,50067,31.9,14759,9.4,51026,32.6,32471,20.7,2.42,(X),3.1,(X),165731,100,156738,94.6,8993,5.4,472,0.3,1,(X),7.2,(X),156738,100,93449,59.6,63289,40.4,2.64,(X),2.1,(X)
1600000US3240000,3240000,"Las Vegas city, Nevada",478434,100,243077,50.8,235357,49.2,36900,7.7,37034,7.7,32467,6.8,29033,6.1,30616,6.4,77156,16.1,76139,15.9,59610,12.5,23896,5,20286,4.2,33985,7.1,17411,3.6,3901,0.8,34.5,(X),354379,74.1,179363,37.5,175016,36.6,337045,70.4,67143,14,55297,11.6,25665,5.4,29632,6.2,459037,95.9,334230,69.9,49570,10.4,3570,0.7,22879,4.8,1229,0.3,2784,0.6,11182,2.3,2422,0.5,1571,0.3,946,0.2,2745,0.6,2145,0.4,956,0.2,379,0.1,403,0.1,407,0.1,46643,9.7,19397,4.1,350136,73.2,53923,11.3,6986,1.5,28663,6,4299,0.9,55635,11.6,478434,100,112962,23.6,83490,17.5,2866,0.6,3393,0.7,23213,4.9,365472,76.4,277704,58,478434,100,470249,98.3,176750,36.9,85359,17.8,134304,28.1,107802,22.5,37450,7.8,12392,2.6,36386,7.6,12519,2.6,8185,1.7,5416,1.1,2769,0.6,176750,100,117466,66.5,56363,31.9,85359,48.3,38108,21.6,21637,12.2,12946,7.3,59284,33.5,44271,25,13227,7.5,63050,35.7,40142,22.7,2.66,(X),3.19,(X),190724,100,176750,92.7,13974,7.3,1793,0.9,2.5,(X),8.4,(X),176750,100,104481,59.1,72269,40.9,2.76,(X),2.52,(X)
1600000US3502000,3502000,"Albuquerque city, New Mexico",448607,100,217887,48.6,230720,51.4,30883,6.9,30577,6.8,30248,6.7,31988,7.1,34115,7.6,67150,15,71632,16,61732,13.8,20694,4.6,15918,3.5,27512,6.1,19542,4.4,6616,1.5,34.9,(X),338515,75.5,161997,36.1,176518,39.3,317795,70.8,62827,14,53670,12,22018,4.9,31652,7.1,429289,95.7,321179,71.6,13854,3.1,17444,3.9,10068,2.2,1421,0.3,1946,0.4,1050,0.2,835,0.2,825,0.2,2829,0.6,1162,0.3,452,0.1,160,0,122,0,63,0,107,0,66292,14.8,19318,4.3,337780,75.3,16938,3.8,22047,4.9,12897,2.9,969,0.2,78389,17.5,448607,100,179075,39.9,68537,15.3,1716,0.4,1694,0.4,107128,23.9,269532,60.1,223895,49.9,448607,100,439263,97.9,183236,40.8,79915,17.8,124525,27.8,98053,21.9,22813,5.1,9198,2.1,28774,6.4,12621,2.8,9344,2.1,4043,0.9,5301,1.2,183236,100,112623,61.5,55400,30.2,79915,43.6,35480,19.4,23626,12.9,14709,8,70613,38.5,55804,30.5,15385,8.4,60956,33.3,37928,20.7,2.4,(X),3.02,(X),198465,100,183236,92.3,15229,7.7,787,0.4,1.9,(X),11.8,(X),183236,100,110606,60.4,72630,39.6,2.55,(X),2.16,(X)
1600000US3651000,3651000,"New York city, New York",8008278,100,3794204,47.4,4214074,52.6,540878,6.8,561115,7,530816,6.6,520641,6.5,589831,7.4,1368021,17.1,1263280,15.8,1012385,12.6,369105,4.6,314349,3.9,494794,6.2,321360,4,121703,1.5,34.2,(X),6068009,75.8,2803579,35,3264430,40.8,5744033,71.7,1117793,14,937857,11.7,359953,4.5,577904,7.2,7614319,95.1,3576385,44.7,2129762,26.6,41289,0.5,787047,9.8,170899,2.1,361531,4.5,54993,0.7,22636,0.3,86473,1.1,11334,0.1,79181,1,5430,0.1,882,0,1066,0,879,0,2603,0,1074406,13.4,393959,4.9,3806508,47.5,2274049,28.4,87241,1.1,872777,10.9,19203,0.2,1363737,17,8008278,100,2160554,27,186872,2.3,789172,9.9,41123,0.5,1143387,14.3,5847724,73,2801267,35,8008278,100,7825848,97.7,3021588,37.7,1124305,14,2410420,30.1,1642612,20.5,768620,9.6,242349,3,500915,6.3,155721,1.9,182430,2.3,75870,0.9,106560,1.3,3021588,100,1853223,61.3,897856,29.7,1124305,37.2,532402,17.6,576354,19.1,312600,10.3,1168365,38.7,962624,31.9,299920,9.9,1026091,34,712581,23.6,2.59,(X),3.32,(X),3200912,100,3021588,94.4,179324,5.6,28157,0.9,1.7,(X),3.2,(X),3021588,100,912296,30.2,2109292,69.8,2.81,(X),2.5,(X)
1600000US3712000,3712000,"Charlotte city, North Carolina",540828,100,264978,49,275850,51,38529,7.1,38895,7.2,36269,6.7,34442,6.4,41513,7.7,103103,19.1,92561,17.1,69537,12.9,22470,4.2,15844,2.9,25616,4.7,16650,3.1,5399,1,32.7,(X),407193,75.3,196358,36.3,210835,39,385198,71.2,56749,10.5,47665,8.8,18240,3.4,29425,5.4,531831,98.3,315061,58.3,176964,32.7,1863,0.3,18418,3.4,4684,0.9,2435,0.5,780,0.1,668,0.1,1728,0.3,4421,0.8,3702,0.7,283,0.1,49,0,50,0,67,0,117,0,19242,3.6,8997,1.7,321491,59.4,180371,33.4,3806,0.7,20446,3.8,614,0.1,23743,4.4,540828,100,39800,7.4,22168,4.1,2415,0.4,1098,0.2,14119,2.6,501028,92.6,297845,55.1,540828,100,528600,97.7,215449,39.8,93970,17.4,147028,27.2,117966,21.8,32969,6.1,12566,2.3,39184,7.2,11709,2.2,12228,2.3,5081,0.9,7147,1.3,215449,100,132378,61.4,66029,30.6,93970,43.6,44268,20.5,29483,13.7,17962,8.3,83071,38.6,63601,29.5,13478,6.3,73295,34,33902,15.7,2.45,(X),3.07,(X),230434,100,215449,93.5,14985,6.5,740,0.3,2.2,(X),8.4,(X),215449,100,123883,57.5,91566,42.5,2.56,(X),2.3,(X)
1600000US3755000,3755000,"Raleigh city, North Carolina",276093,100,136648,49.5,139445,50.5,17461,6.3,16444,6,15254,5.5,19864,7.2,32458,11.8,57105,20.7,43826,15.9,32984,11.9,10308,3.7,7394,2.7,12025,4.4,8143,2.9,2827,1,30.9,(X),218487,79.1,107349,38.9,111138,40.3,200345,72.6,27249,9.9,22995,8.3,8789,3.2,14206,5.1,270914,98.1,174786,63.3,76756,27.8,981,0.4,9327,3.4,2605,0.9,2035,0.7,602,0.2,332,0.1,1240,0.4,1542,0.6,971,0.4,118,0,27,0,26,0,16,0,49,0,8946,3.2,5179,1.9,178649,64.7,78844,28.6,2091,0.8,10578,3.8,294,0.1,11179,4,276093,100,19308,7,12227,4.4,1306,0.5,399,0.1,5376,1.9,256785,93,166386,60.3,276093,100,258777,93.7,112608,40.8,44468,16.1,62787,22.7,51808,18.8,13485,4.9,4258,1.5,25429,9.2,5945,2.2,17316,6.3,4935,1.8,12381,4.5,112608,100,61327,54.5,29794,26.5,44468,39.5,20139,17.9,12868,11.4,8062,7.2,51281,45.5,37322,33.1,7001,6.2,32439,28.8,16251,14.4,2.3,(X),2.97,(X),120699,100,112608,93.3,8091,6.7,426,0.4,2.1,(X),8.3,(X),112608,100,58079,51.6,54529,48.4,2.43,(X),2.15,(X)
1600000US3916000,3916000,"Cleveland city, Ohio",478403,100,226550,47.4,251853,52.6,38594,8.1,41708,8.7,36799,7.7,32495,6.8,32061,6.7,71847,15,73822,15.4,55111,11.5,18857,3.9,17130,3.6,31573,6.6,21266,4.4,7140,1.5,33,(X),342000,71.5,157321,32.9,184679,38.6,322020,67.3,70034,14.6,59979,12.5,23125,4.8,36854,7.7,467702,97.8,198510,41.5,243939,51,1458,0.3,6444,1.3,1145,0.2,2083,0.4,725,0.2,211,0,296,0.1,1054,0.2,930,0.2,178,0,40,0,41,0,25,0,72,0,17173,3.6,10701,2.2,206487,43.2,249192,52.1,4221,0.9,7715,1.6,487,0.1,21878,4.6,478403,100,34728,7.3,2973,0.6,25385,5.3,512,0.1,5858,1.2,443675,92.7,185641,38.8,478403,100,464969,97.2,190638,39.8,54244,11.3,152079,31.8,113359,23.7,39408,8.2,19097,4,28600,6,13213,2.8,13434,2.8,6962,1.5,6472,1.4,190638,100,111998,58.7,57077,29.9,54244,28.5,23177,12.2,47295,24.8,29119,15.3,78640,41.3,67177,35.2,21180,11.1,66814,35,45812,24,2.44,(X),3.19,(X),215856,100,190638,88.3,25218,11.7,763,0.4,2.1,(X),10.8,(X),190638,100,92535,48.5,98103,51.5,2.56,(X),2.32,(X)
1600000US3918000,3918000,"Columbus city, Ohio",711470,100,345878,48.6,365592,51.4,53347,7.5,50119,7,44291,6.2,48663,6.8,74938,10.5,139434,19.6,110351,15.5,81256,11.4,25724,3.6,20316,2.9,33793,4.7,21705,3.1,7533,1.1,30.6,(X),539602,75.8,258465,36.3,281137,39.5,500213,70.3,74757,10.5,63031,8.9,24054,3.4,38977,5.5,692641,97.4,483332,67.9,174065,24.5,2090,0.3,24495,3.4,6425,0.9,5746,0.8,1271,0.2,1955,0.3,2549,0.4,1827,0.3,4722,0.7,367,0.1,72,0,63,0,112,0,120,0,8292,1.2,18829,2.6,496425,69.8,185173,26,6914,1,28040,3.9,953,0.1,14574,2,711470,100,17471,2.5,8686,1.2,2790,0.4,627,0.1,5368,0.8,693999,97.5,475897,66.9,711470,100,693811,97.5,301534,42.4,108708,15.3,188488,26.5,153255,21.5,34518,4.9,14315,2,60563,8.5,21255,3,17659,2.5,5412,0.8,12247,1.7,301534,100,165380,54.8,84512,28,108708,36.1,49808,16.5,43780,14.5,28083,9.3,136154,45.2,102900,34.1,21225,7,93322,30.9,46441,15.4,2.3,(X),3.01,(X),327175,100,301534,92.2,25641,7.8,1113,0.3,2,(X),8.3,(X),301534,100,148004,49.1,153530,50.9,2.48,(X),2.13,(X)
1600000US4055000,4055000,"Oklahoma City city, Oklahoma",506132,100,247313,48.9,258819,51.1,37194,7.3,35486,7,34759,6.9,36501,7.2,39703,7.8,76444,15.1,79344,15.7,66659,13.2,23420,4.6,18524,3.7,30874,6.1,20292,4,6932,1.4,34,(X),376858,74.5,181310,35.8,195548,38.6,354399,70,68661,13.6,58098,11.5,23176,4.6,34922,6.9,486439,96.1,346226,68.4,77810,15.4,17743,3.5,17595,3.5,2918,0.6,1816,0.4,844,0.2,492,0.1,1020,0.2,8161,1.6,2344,0.5,360,0.1,113,0,158,0,33,0,56,0,26705,5.3,19693,3.9,362788,71.7,83034,16.4,29001,5.7,20162,4,804,0.2,31382,6.2,506132,100,51368,10.1,40997,8.1,1205,0.2,365,0.1,8801,1.7,454764,89.9,327225,64.7,506132,100,492999,97.4,204434,40.4,93647,18.5,142863,28.2,114341,22.6,26772,5.3,11540,2.3,25283,5,9848,1.9,13133,2.6,8455,1.7,4678,0.9,204434,100,129360,63.3,62952,30.8,93647,45.8,41319,20.2,27006,13.2,17093,8.4,75074,36.7,62807,30.7,17918,8.8,69707,34.1,41443,20.3,2.41,(X),3.04,(X),228149,100,204434,89.6,23715,10.4,1121,0.5,2.2,(X),12.3,(X),204434,100,121528,59.4,82906,40.6,2.51,(X),2.27,(X)
1600000US4075000,4075000,"Tulsa city, Oklahoma",393049,100,189937,48.3,203112,51.7,28318,7.2,27606,7,25980,6.6,27180,6.9,31286,8,58659,14.9,58916,15,52383,13.3,18179,4.6,14034,3.6,25982,6.6,18256,4.6,6270,1.6,34.5,(X),295709,75.2,140383,35.7,155326,39.5,277423,70.6,58600,14.9,50508,12.9,19501,5,31007,7.9,375749,95.6,275488,70.1,60794,15.5,18551,4.7,7150,1.8,1668,0.4,1124,0.3,425,0.1,246,0.1,674,0.2,1631,0.4,1382,0.4,202,0.1,71,0,56,0,17,0,58,0,13564,3.5,17300,4.4,290292,73.9,64936,16.5,30227,7.7,8792,2.2,488,0.1,16634,4.2,393049,100,28111,7.2,21110,5.4,1148,0.3,324,0.1,5529,1.4,364938,92.8,263782,67.1,393049,100,382616,97.3,165743,42.2,71441,18.2,106773,27.2,86904,22.1,18377,4.7,7812,2,20282,5.2,7766,2,10433,2.7,4722,1.2,5711,1.5,165743,100,99094,59.8,47271,28.5,71441,43.1,30396,18.3,21319,12.9,13596,8.2,66649,40.2,56184,33.9,16181,9.8,51993,31.4,35683,21.5,2.31,(X),2.98,(X),179405,100,165743,92.4,13662,7.6,894,0.5,1.6,(X),8.7,(X),165743,100,92234,55.6,73509,44.4,2.41,(X),2.18,(X)
1600000US4159000,4159000,"Portland city, Oregon",529121,100,261565,49.4,267556,50.6,32300,6.1,31184,5.9,30031,5.7,32046,6.1,40454,7.6,97000,18.3,86604,16.4,78367,14.8,23195,4.4,16777,3.2,28215,5.3,23829,4.5,9119,1.7,35.2,(X),417667,78.9,204515,38.7,213152,40.3,396152,74.9,70761,13.4,61163,11.6,23951,4.5,37212,7,507166,95.9,412241,77.9,35115,6.6,5587,1.1,33470,6.3,1479,0.3,7181,1.4,2747,0.5,2731,0.5,1897,0.4,10641,2,6794,1.3,1993,0.4,326,0.1,203,0,235,0,1229,0.2,18760,3.5,21955,4.1,430350,81.3,41589,7.9,12125,2.3,39485,7.5,3658,0.7,25836,4.9,529121,100,36058,6.8,25136,4.8,1015,0.2,1329,0.3,8578,1.6,493063,93.2,399351,75.5,529121,100,514129,97.2,223737,42.3,85277,16.1,125522,23.7,98647,18.6,26001,4.9,8400,1.6,53592,10.1,18088,3.4,14992,2.8,5454,1,9538,1.8,223737,100,118447,52.9,54740,24.5,85277,38.1,36193,16.2,24102,10.8,14090,6.3,105290,47.1,77336,34.6,20160,9,60433,27,44038,19.7,2.3,(X),3,(X),237307,100,223737,94.3,13570,5.7,1011,0.4,2.3,(X),6.2,(X),223737,100,124767,55.8,98970,44.2,2.47,(X),2.08,(X)
1600000US4260000,4260000,"Philadelphia city, Pennsylvania",1517550,100,705107,46.5,812443,53.5,98161,6.5,112111,7.4,112726,7.4,110701,7.3,117609,7.7,224864,14.8,219910,14.5,182530,12,67280,4.4,57936,3.8,107048,7.1,79335,5.2,27339,1.8,34.2,(X),1134081,74.7,510257,33.6,623824,41.1,1058316,69.7,247867,16.3,213722,14.1,79821,5.3,133901,8.8,1483976,97.8,683267,45,655824,43.2,4073,0.3,67654,4.5,12819,0.8,17783,1.2,4012,0.3,1216,0.1,6556,0.4,11608,0.8,13660,0.9,729,0,183,0,121,0,157,0,268,0,72429,4.8,33574,2.2,703584,46.4,672162,44.3,10835,0.7,74435,4.9,2359,0.2,90441,6,1517550,100,128928,8.5,6220,0.4,91527,6,2730,0.2,28451,1.9,1388622,91.5,644395,42.5,1517550,100,1462819,96.4,590071,38.9,189291,12.5,453578,29.9,309461,20.4,139386,9.2,64201,4.2,90493,6,35229,2.3,54731,3.6,20411,1.3,34320,2.3,590071,100,352331,59.7,162905,27.6,189291,32.1,79879,13.5,131332,22.3,69731,11.8,237740,40.3,199515,33.8,70017,11.9,195468,33.1,159463,27,2.48,(X),3.22,(X),661958,100,590071,89.1,71887,10.9,1790,0.3,1.9,(X),7,(X),590071,100,349633,59.3,240438,40.7,2.65,(X),2.23,(X)
1600000US4748000,4748000,"Memphis city, Tennessee",650100,100,307643,47.3,342457,52.7,50396,7.8,53115,8.2,49652,7.6,47761,7.3,50832,7.8,102417,15.8,97060,14.9,80832,12.4,26061,4,20948,3.2,36730,5.6,25476,3.9,8820,1.4,31.9,(X),468805,72.1,215212,33.1,253593,39,438767,67.5,83153,12.8,71026,10.9,26094,4,44932,6.9,643312,99,223728,34.4,399208,61.4,1217,0.2,9482,1.5,2216,0.3,1741,0.3,578,0.1,293,0,659,0.1,2529,0.4,1466,0.2,239,0,44,0,95,0,49,0,51,0,9438,1.5,6788,1,228633,35.2,402367,61.9,3189,0.5,10954,1.7,556,0.1,11864,1.8,650100,100,19317,3,14087,2.2,742,0.1,521,0.1,3967,0.6,630783,97,216174,33.3,650100,100,632874,97.4,250721,38.6,85458,13.1,202119,31.1,148244,22.8,57758,8.9,28202,4.3,36818,5.7,13964,2.1,17226,2.6,11067,1.7,6159,0.9,250721,100,158458,63.2,78564,31.3,85458,34.1,37081,14.8,59665,23.8,35650,14.2,92263,36.8,76574,30.5,22227,8.9,92426,36.9,52893,21.1,2.52,(X),3.18,(X),271552,100,250721,92.3,20831,7.7,740,0.3,2,(X),8.4,(X),250721,100,139985,55.8,110736,44.2,2.62,(X),2.4,(X)
1600000US4752006,4752006,"Nashville-Davidson (balance), Tennessee",545524,100,264095,48.4,281429,51.6,36335,6.7,34022,6.2,31536,5.8,36972,6.8,46482,8.5,97370,17.8,89589,16.4,70963,13,23445,4.3,18931,3.5,31468,5.8,20762,3.8,7649,1.4,33.9,(X),424855,77.9,202187,37.1,222668,40.8,397180,72.8,70917,13,59879,11,22362,4.1,37517,6.9,534524,98,359581,65.9,146235,26.8,1639,0.3,12992,2.4,2607,0.5,1916,0.4,796,0.1,644,0.1,1596,0.3,1972,0.4,3461,0.6,400,0.1,81,0,57,0,181,0,81,0,13677,2.5,11000,2,368247,67.5,149970,27.5,4017,0.7,15732,2.9,743,0.1,18411,3.4,545524,100,25774,4.7,16082,2.9,1869,0.3,799,0.1,7024,1.3,519750,95.3,349104,64,545524,100,521440,95.6,227403,41.7,88978,16.3,136273,25,104700,19.2,31828,5.8,12584,2.3,36958,6.8,11935,2.2,24084,4.4,10232,1.9,13852,2.5,227403,100,131100,57.7,60245,26.5,88978,39.1,36743,16.2,33112,14.6,19499,8.6,96303,42.3,76799,33.8,18719,8.2,67910,29.9,43370,19.1,2.29,(X),2.96,(X),242451,100,227403,93.8,15048,6.2,1050,0.4,2,(X),6.5,(X),227403,100,124036,54.5,103367,45.5,2.43,(X),2.13,(X)
1600000US4804000,4804000,"Arlington city, Texas",332969,100,166465,50,166504,50,27755,8.3,27054,8.1,25219,7.6,24061,7.2,26806,8.1,61617,18.5,57181,17.2,41075,12.3,13014,3.9,8748,2.6,12118,3.6,6437,1.9,1884,0.6,30.7,(X),238771,71.7,118299,35.5,120472,36.2,223810,67.2,25329,7.6,20439,6.1,8500,2.6,11939,3.6,323176,97.1,225379,67.7,45727,13.7,1817,0.5,20015,6,3120,0.9,3037,0.9,948,0.3,329,0.1,888,0.3,9606,2.9,2087,0.6,475,0.1,95,0,75,0,133,0,172,0.1,29763,8.9,9793,2.9,233461,70.1,48196,14.5,3888,1.2,22105,6.6,823,0.2,34768,10.4,332969,100,60817,18.3,46766,14,2081,0.6,339,0.1,11631,3.5,272152,81.7,198591,59.6,332969,100,330521,99.3,124686,37.4,64371,19.3,104064,31.3,86136,25.9,18974,5.7,6274,1.9,18426,5.5,6414,1.9,2448,0.7,954,0.3,1494,0.4,124686,100,85000,68.2,47366,38,64371,51.6,34413,27.6,14744,11.8,10000,8,39686,31.8,30783,24.7,4722,3.8,51066,41,14467,11.6,2.65,(X),3.2,(X),130628,100,124686,95.5,5942,4.5,364,0.3,1.4,(X),6.1,(X),124686,100,68256,54.7,56430,45.3,2.87,(X),2.38,(X)
1600000US4805000,4805000,"Austin city, Texas",656562,100,337569,51.4,318993,48.6,46715,7.1,41227,6.3,37108,5.7,48809,7.4,82945,12.6,138643,21.1,104874,16,75844,11.6,21440,3.3,15052,2.3,23008,3.5,15074,2.3,5823,0.9,29.6,(X),509014,77.5,261583,39.8,247431,37.7,465697,70.9,52510,8,43905,6.7,17396,2.6,26509,4,636912,97,429100,65.4,65956,10,3889,0.6,30960,4.7,7749,1.2,8093,1.2,1582,0.2,1164,0.2,3441,0.5,5942,0.9,2989,0.5,469,0.1,182,0,95,0,69,0,123,0,106538,16.2,19650,3,445388,67.8,69943,10.7,7453,1.1,35152,5.4,1061,0.2,118333,18,656562,100,200579,30.5,153868,23.4,2529,0.4,1425,0.2,42757,6.5,455983,69.5,347554,52.9,656562,100,636432,96.9,265649,40.5,101098,15.4,159393,24.3,129143,19.7,42674,6.5,14352,2.2,67618,10.3,16886,2.6,20130,3.1,6799,1,13331,2,265649,100,141589,53.3,71280,26.8,101098,38.1,49148,18.5,28563,10.8,17387,6.5,124060,46.7,87026,32.8,12124,4.6,78817,29.7,31097,11.7,2.4,(X),3.14,(X),276842,100,265649,96,11193,4,1437,0.5,1,(X),3.5,(X),265649,100,119102,44.8,146547,55.2,2.65,(X),2.19,(X)
1600000US4819000,4819000,"Dallas city, Texas",1188580,100,598991,50.4,589589,49.6,98785,8.3,89942,7.6,79546,6.7,81733,6.9,106190,8.9,235824,19.8,184218,15.5,132491,11.1,44247,3.7,33303,2.8,53554,4.5,35808,3,12939,1.1,30.5,(X),873004,73.4,437582,36.8,435422,36.6,819790,69,121273,10.2,102301,8.6,40010,3.4,62291,5.2,1156229,97.3,604209,50.8,307957,25.9,6472,0.5,32118,2.7,7675,0.6,5762,0.5,2037,0.2,835,0.1,3209,0.3,7584,0.6,5016,0.4,590,0,123,0,156,0,134,0,177,0,204883,17.2,32351,2.7,630419,53,314678,26.5,11334,1,36665,3.1,1461,0.1,227850,19.2,1188580,100,422587,35.6,350491,29.5,2369,0.2,2283,0.2,67444,5.7,765993,64.4,410777,34.6,1188580,100,1167416,98.2,451833,38,175252,14.7,337705,28.4,262818,22.1,119467,10.1,44757,3.8,83159,7,25077,2.1,21164,1.8,15899,1.3,5265,0.4,451833,100,266789,59,136926,30.3,175252,38.8,87783,19.4,67435,14.9,39743,8.8,185044,41,148852,32.9,29567,6.5,157848,34.9,74237,16.4,2.58,(X),3.37,(X),484117,100,451833,93.3,32284,6.7,1474,0.3,1.4,(X),7,(X),451833,100,195335,43.2,256498,56.8,2.78,(X),2.44,(X)
1600000US4824000,4824000,"El Paso city, Texas",563662,100,267651,47.5,296011,52.5,47646,8.5,50170,8.9,47996,8.5,46858,8.3,38564,6.8,80568,14.3,83703,14.8,65808,11.7,22636,4,19592,3.5,35041,6.2,19279,3.4,5801,1,31.1,(X),388727,69,178650,31.7,210077,37.3,362920,64.4,71685,12.7,60121,10.7,24618,4.4,35503,6.3,544472,96.6,413061,73.3,17586,3.1,4601,0.8,6321,1.1,887,0.2,980,0.2,1294,0.2,945,0.2,1611,0.3,229,0,375,0.1,583,0.1,148,0,201,0,140,0,94,0,102320,18.2,19190,3.4,430142,76.3,19998,3.5,6483,1.2,8563,1.5,1054,0.2,117234,20.8,563662,100,431875,76.6,359699,63.8,3660,0.6,476,0.1,68040,12.1,131787,23.4,103422,18.3,563662,100,558533,99.1,182063,32.3,99400,17.6,205937,36.5,147969,26.3,53249,9.4,24167,4.3,17884,3.2,6870,1.2,5129,0.9,3248,0.6,1881,0.3,182063,100,141071,77.5,77178,42.4,99400,54.6,54116,29.7,33608,18.5,19355,10.6,40992,22.5,35018,19.2,13131,7.2,88552,48.6,44037,24.2,3.07,(X),3.54,(X),193663,100,182063,94,11600,6,683,0.4,1.6,(X),7.9,(X),182063,100,111750,61.4,70313,38.6,3.2,(X),2.86,(X)
1600000US4827000,4827000,"Fort Worth city, Texas",534694,100,263720,49.3,270974,50.7,45452,8.5,42413,7.9,39943,7.5,39984,7.5,43562,8.1,91042,17,83691,15.7,61472,11.5,20240,3.8,15433,2.9,26614,5,18496,3.5,6352,1.2,30.9,(X),383627,71.7,186372,34.9,197255,36.9,358169,67,60415,11.3,51462,9.6,19939,3.7,31523,5.9,520159,97.3,319159,59.7,108310,20.3,3144,0.6,14105,2.6,2590,0.5,1179,0.2,978,0.2,413,0.1,1064,0.2,5415,1,2466,0.5,341,0.1,79,0,105,0,37,0,120,0,75100,14,14535,2.7,331448,62,111298,20.8,5863,1.1,16335,3.1,752,0.1,84160,15.7,534694,100,159368,29.8,132894,24.9,1892,0.4,608,0.1,23974,4.5,375326,70.2,244966,45.8,534694,100,519940,97.2,195078,36.5,89370,16.7,164164,30.7,129929,24.3,43018,8,17900,3.3,28310,5.3,9697,1.8,14754,2.8,9513,1.8,5241,1,195078,100,127530,65.4,67705,34.7,89370,45.8,46157,23.7,28582,14.7,17068,8.7,67548,34.6,55757,28.6,15085,7.7,76377,39.2,37017,19,2.67,(X),3.33,(X),211035,100,195078,92.4,15957,7.6,647,0.3,1.9,(X),9.1,(X),195078,100,109072,55.9,86006,44.1,2.84,(X),2.44,(X)
1600000US4835000,4835000,"Houston city, Texas",1953631,100,975551,49.9,978080,50.1,160797,8.2,154638,7.9,139691,7.2,138762,7.1,161754,8.3,354444,18.1,305738,15.6,235249,12,79055,4,59438,3,93086,4.8,53439,2.7,17540,0.9,30.9,(X),1416973,72.5,700510,35.9,716463,36.7,1329344,68,197956,10.1,164065,8.4,66747,3.4,97318,5,1892153,96.9,962610,49.3,494496,25.3,8568,0.4,103694,5.3,20149,1,24001,1.2,7890,0.4,2519,0.1,5544,0.3,32261,1.7,11330,0.6,1182,0.1,227,0,309,0,220,0,426,0,321603,16.5,61478,3.1,1012413,51.8,505101,25.9,15743,0.8,114140,5.8,2877,0.1,367423,18.8,1953631,100,730865,37.4,527442,27,6906,0.4,4970,0.3,191547,9.8,1222766,62.6,601851,30.8,1953631,100,1920375,98.3,717945,36.7,310066,15.9,598596,30.6,455640,23.3,183154,9.4,69054,3.5,110614,5.7,36538,1.9,33256,1.7,18819,1,14437,0.7,717945,100,457549,63.7,237709,33.1,310066,43.2,159315,22.2,109723,15.3,63252,8.8,260396,36.3,212718,29.6,44856,6.2,271105,37.8,122037,17,2.67,(X),3.39,(X),782009,100,717945,91.8,64064,8.2,4169,0.5,1.6,(X),8.7,(X),717945,100,328741,45.8,389204,54.2,2.84,(X),2.54,(X)
1600000US4865000,4865000,"San Antonio city, Texas",1144646,100,553245,48.3,591401,51.7,92446,8.1,91849,8,89113,7.8,88951,7.8,87684,7.7,177842,15.5,174810,15.3,138880,12.1,46898,4.1,36811,3.2,64108,5.6,41707,3.6,13547,1.2,31.7,(X),817989,71.5,386722,33.8,431267,37.7,764332,66.8,140740,12.3,119362,10.4,47756,4.2,71606,6.3,1102775,96.3,774708,67.7,78120,6.8,9584,0.8,17934,1.6,3378,0.3,3271,0.3,3815,0.3,1267,0.1,2102,0.2,2168,0.2,1933,0.2,1067,0.1,306,0,363,0,133,0,265,0,221362,19.3,41871,3.7,810913,70.8,84250,7.4,15224,1.3,24046,2.1,2065,0.2,251794,22,1144646,100,671394,58.7,473420,41.4,7774,0.7,1491,0.1,188709,16.5,473252,41.3,364357,31.8,1144646,100,1121466,98,405474,35.4,194872,17,375611,32.8,278264,24.3,91252,8,41712,3.6,54257,4.7,21629,1.9,23180,2,11682,1,11498,1,405474,100,280828,69.3,145643,35.9,194872,48.1,97670,24.1,66438,16.4,38552,9.5,124646,30.7,101634,25.1,30614,7.6,166020,40.9,85675,21.1,2.77,(X),3.36,(X),433122,100,405474,93.6,27648,6.4,2299,0.5,1.4,(X),6.9,(X),405474,100,235699,58.1,169775,41.9,2.95,(X),2.51,(X)
1600000US5182000,5182000,"Virginia Beach city, Virginia",425257,100,210524,49.5,214733,50.5,30616,7.2,33523,7.9,33749,7.9,30239,7.1,31313,7.4,69842,16.4,75897,17.8,53798,12.7,17465,4.1,12882,3,20735,4.9,11649,2.7,3549,0.8,32.7,(X),308369,72.5,150887,35.5,157482,37,291207,68.5,43254,10.2,35933,8.4,14638,3.4,21295,5,413580,97.3,303681,71.4,80593,19,1619,0.4,20869,4.9,1068,0.3,1557,0.4,14553,3.4,695,0.2,924,0.2,1089,0.3,983,0.2,416,0.1,94,0,165,0,70,0,87,0,6402,1.5,11677,2.7,312913,73.6,85216,20,4340,1,25342,6,1116,0.3,9177,2.2,425257,100,17770,4.2,4854,1.1,6273,1.5,601,0.1,6042,1.4,407487,95.8,295402,69.5,425257,100,417574,98.2,154455,36.3,85982,20.2,132536,31.2,106697,25.1,19119,4.5,7843,1.8,25482,6,8130,1.9,7683,1.8,2794,0.7,4889,1.1,154455,100,110953,71.8,59945,38.8,85982,55.7,44182,28.6,19135,12.4,12413,8,43502,28.2,31446,20.4,8531,5.5,64971,42.1,25377,16.4,2.7,(X),3.14,(X),162277,100,154455,95.2,7822,4.8,2344,1.4,1.5,(X),4,(X),154455,100,101308,65.6,53147,34.4,2.79,(X),2.54,(X)
1600000US5363000,5363000,"Seattle city, Washington",563374,100,280973,49.9,282401,50.1,26215,4.7,24459,4.3,23425,4.2,29648,5.3,51014,9.1,122282,21.7,95077,16.9,81453,14.5,24830,4.4,17164,3,29463,5.2,27273,4.8,11071,2,35.4,(X),475547,84.4,236354,42,239193,42.5,449528,79.8,77671,13.8,67807,12,26996,4.8,40811,7.2,538226,95.5,394889,70.1,47541,8.4,5659,1,73910,13.1,2843,0.5,19415,3.4,15867,2.8,8979,1.6,4863,0.9,11943,2.1,10000,1.8,2804,0.5,409,0.1,364,0.1,1391,0.2,640,0.1,13423,2.4,25148,4.5,413396,73.4,55611,9.9,11869,2.1,84649,15,4977,0.9,20758,3.7,563374,100,29719,5.3,17886,3.2,1466,0.3,759,0.1,9608,1.7,533655,94.7,382532,67.9,563374,100,536719,95.3,258499,45.9,84648,15,102003,18.1,77764,13.8,25317,4.5,6909,1.2,66252,11.8,20269,3.6,26655,4.7,6860,1.2,19795,3.5,258499,100,113400,43.9,46310,17.9,84648,32.7,32349,12.5,20916,8.1,10949,4.2,145099,56.1,105542,40.8,24029,9.3,50783,19.6,49171,19,2.08,(X),2.87,(X),270524,100,258499,95.6,12025,4.4,1826,0.7,1.2,(X),3.5,(X),258499,100,125165,48.4,133334,51.6,2.32,(X),1.84,(X)
1600000US5553000,5553000,"Milwaukee city, Wisconsin",596974,100,285363,47.8,311611,52.2,47545,8,50555,8.5,46688,7.8,47231,7.9,51814,8.7,94451,15.8,85792,14.4,68351,11.4,21586,3.6,17838,3,33015,5.5,23727,4,8381,1.4,30.6,(X),425990,71.4,198467,33.2,227523,38.1,393759,66,75423,12.6,65123,10.9,25219,4.2,39904,6.7,580824,97.3,298379,50,222933,37.3,5212,0.9,17571,2.9,2313,0.4,1232,0.2,826,0.1,328,0.1,505,0.1,1224,0.2,11143,1.9,301,0.1,64,0,65,0,83,0,89,0,36428,6.1,16150,2.7,310734,52.1,230503,38.6,9116,1.5,20166,3.4,809,0.1,43201,7.2,596974,100,71646,12,43300,7.3,19613,3.3,637,0.1,8096,1.4,525328,88,270989,45.4,596974,100,580571,97.3,232188,38.9,74794,12.5,185538,31.1,143830,24.1,43532,7.3,20864,3.5,44519,7.5,16658,2.8,16403,2.7,6464,1.1,9939,1.7,232188,100,135189,58.2,70898,30.5,74794,32.2,33292,14.3,48918,21.1,32251,13.9,96999,41.8,77772,33.5,22158,9.5,80739,34.8,47805,20.6,2.5,(X),3.25,(X),249225,100,232188,93.2,17037,6.8,486,0.2,1.3,(X),6,(X),232188,100,105235,45.3,126953,54.7,2.6,(X),2.42,(X)
